problem_name,question_path,solution_path
Contains Duplicate,ProblemRepo/Contains Duplicate/question.html,ProblemRepo/Contains Duplicate/solution.py
Find Closest Number to Zero,ProblemRepo/Find Closest Number to Zero/question.html,ProblemRepo/Find Closest Number to Zero/solution.py
Is Subsequence,ProblemRepo/Is Subsequence/question.html,ProblemRepo/Is Subsequence/solution.py
Jewels and Stones,ProblemRepo/Jewels and Stones/question.html,ProblemRepo/Jewels and Stones/solution.py
Merge Strings Alternately,ProblemRepo/Merge Strings Alternately/question.html,ProblemRepo/Merge Strings Alternately/solution.py
Reverse String,ProblemRepo/Reverse String/question.html,ProblemRepo/Reverse String/solution.py
Roman to Integer,ProblemRepo/Roman to Integer/question.html,ProblemRepo/Roman to Integer/solution.py
Squares of a Sorted Array,ProblemRepo/Squares of a Sorted Array/question.html,ProblemRepo/Squares of a Sorted Array/solution.py
Two Sum II - Input Array Is Sorted,ProblemRepo/Two Sum II - Input Array Is Sorted/question.html,ProblemRepo/Two Sum II - Input Array Is Sorted/solution.py
Valid Palindrome,ProblemRepo/Valid Palindrome/question.html,ProblemRepo/Valid Palindrome/solution.py
