Find Closest Number to Zero,https://leetcode.com/problems/find-closest-number-to-zero/description/
Jewels and Stones,https://leetcode.com/problems/jewels-and-stones/
Squares of a Sorted Array,https://leetcode.com/problems/squares-of-a-sorted-array/
Reverse String,https://leetcode.com/problems/reverse-string/
Merge Strings Alternately,https://leetcode.com/problems/merge-strings-alternately/
Roman to Integer,https://leetcode.com/problems/roman-to-integer/
Is Subsequence,https://leetcode.com/problems/is-subsequence/
Contains Duplicate,https://leetcode.com/problems/contains-duplicate/
Two Sum II - Input Array Is Sorted,https://leetcode.com/problems/two-sum-ii-input-array-is-sorted/
Valid Palindrome,https://leetcode.com/problems/valid-palindrome/
